state,industry,recent_3yr,count_2023,count_2025,growth_2023_2025_pct,lq,scale_pct,momentum_pct,specialisation_pct,hotspot_score
Karnataka,AI,669,96,396,103.1,1.94,95.5,97.75,97.11,96.78666666666666
Telangana,AI,350,43,220,126.19,1.61,87.14,99.36,92.6,93.03333333333333
Telangana,IT Services,1053,253,518,43.09,1.46,98.23,85.05,89.23,90.83666666666667
Andhra Pradesh,IT Services,357,78,198,59.33,1.33,87.94,92.36,83.76,88.02
Rajasthan,Renewable Energy,228,49,120,56.49,1.55,78.22,91.32,91.64,87.06
Gujarat,Professional & Commercial Services,769,190,332,32.19,1.37,96.95,75.08,86.66,86.22999999999999
Gujarat,Renewable Energy,550,145,251,31.57,1.51,93.25,74.44,91.0,86.22999999999999
Andhra Pradesh,Agriculture,222,50,115,51.66,1.43,77.09,89.71,88.1,84.96666666666665
Telangana,Aeronautics Aerospace & Defence,154,32,75,53.09,1.94,66.56,90.19,97.27,84.67333333333333
Tamil Nadu,AI,320,44,186,105.6,1.15,85.53,98.07,69.29,84.29666666666667
Haryana,AI,232,33,153,115.32,1.2,78.62,98.71,74.92,84.08333333333333
Gujarat,Other Specialty Retailers,187,33,102,75.81,1.31,72.59,95.5,81.99,83.36
Bihar,Construction,592,166,243,20.99,2.87,94.21,55.31,99.52,83.01333333333332
Telangana,Healthcare & Lifesciences,715,180,346,38.64,1.16,96.46,81.99,70.42,82.95666666666666
Andhra Pradesh,AI,117,7,86,250.51,1.44,58.76,100.0,88.42,82.39333333333333
Jammu and Kashmir,Construction,268,71,110,24.47,4.23,82.32,62.54,99.84,81.56666666666666
Madhya Pradesh,Renewable Energy,186,41,83,42.28,1.39,72.35,84.73,87.14,81.40666666666667
Uttar Pradesh,Construction,1118,298,452,23.16,1.36,98.87,59.49,85.69,81.35
Karnataka,Real Estate,180,40,90,50.0,1.3,71.7,88.5,81.35,80.51666666666667
Karnataka,IT Services,1476,408,621,23.37,1.29,99.68,60.45,80.39,80.17333333333333
Andhra Pradesh,Construction,212,54,116,46.57,1.23,75.88,86.66,77.49,80.00999999999999
Madhya Pradesh,Construction,353,94,162,31.28,1.24,87.54,73.95,77.81,79.76666666666667
Uttar Pradesh,Education,690,190,318,29.37,1.15,96.22,71.54,69.45,79.07
Gujarat,Waste Management,179,44,87,40.62,1.32,71.38,82.64,82.64,78.88666666666666
Gujarat,Textiles & Apparel,412,114,163,19.58,1.69,91.0,51.29,94.05,78.77999999999999
Andhra Pradesh,Education,158,39,87,49.36,1.26,68.09,88.02,79.1,78.40333333333332
Kerala,AI,154,20,90,112.13,1.15,66.56,98.31,68.97,77.94666666666666
Bihar,Education,204,54,93,31.23,1.35,75.0,73.79,84.73,77.84
Bihar,Food & Beverages,222,60,111,36.01,1.22,77.09,79.9,76.05,77.67999999999999
Bihar,Human Resources,123,28,50,33.63,1.73,60.21,77.89,94.69,77.59666666666666
Karnataka,Aeronautics Aerospace & Defence,210,60,93,24.5,1.66,75.64,62.78,93.57,77.33
Haryana,Textiles & Apparel,168,43,79,35.54,1.31,69.77,79.26,81.83,76.95333333333332
Telangana,Enterprise Software,167,49,77,25.36,1.7,69.29,65.76,94.21,76.41999999999999
Gujarat,Fashion,366,104,145,18.08,1.51,88.91,47.59,90.84,75.78
Kerala,Travel & Tourism,144,38,60,25.66,1.87,64.79,66.08,96.46,75.77666666666667
Bihar,Agriculture,245,72,112,24.72,1.32,80.23,63.99,82.96,75.72666666666666
Uttar Pradesh,Real Estate,189,49,87,33.25,1.22,72.91,76.53,75.88,75.10666666666665
Maharashtra,Logistics,196,54,92,30.53,1.25,73.31,72.99,78.62,74.97333333333333
Telangana,Education,383,110,175,26.13,1.14,89.55,67.2,67.85,74.86666666666666
Tamil Nadu,Biotechnology,92,23,42,35.13,1.86,49.68,78.62,96.3,74.86666666666666
Maharashtra,Renewable Energy,658,177,301,30.41,1.05,95.34,72.83,55.95,74.70666666666666
Tamil Nadu,Internet of Things,99,26,46,33.01,1.79,52.17,76.13,95.66,74.65333333333334
Karnataka,Education,603,160,248,24.5,1.13,94.61,62.78,66.4,74.59666666666666
Rajasthan,Social Impact,58,11,35,78.38,1.86,31.11,96.46,96.14,74.57
Madhya Pradesh,Agriculture,357,105,147,18.32,1.39,87.94,48.55,86.98,74.49
Kerala,Education,367,116,151,14.09,1.77,89.07,38.26,95.5,74.27666666666666
Haryana,Retail,155,40,69,31.34,1.28,67.12,74.12,80.23,73.82333333333332
Uttar Pradesh,Human Resources,460,138,176,12.93,1.62,92.12,34.89,92.77,73.25999999999999
Maharashtra,Food & Beverages,1284,373,566,23.18,1.09,99.2,59.65,60.29,73.04666666666665
West Bengal,Travel & Tourism,102,28,50,33.63,1.42,53.46,77.89,87.78,73.04333333333332
Uttar Pradesh,Renewable Energy,384,94,179,37.99,1.0,89.71,81.51,47.59,72.93666666666667
Madhya Pradesh,Security Solutions,77,19,36,37.65,1.72,43.17,81.19,94.37,72.91
Gujarat,Agriculture,805,229,328,19.68,1.15,97.27,51.45,69.61,72.77666666666667
Uttar Pradesh,Food & Beverages,687,174,325,36.67,0.95,95.98,80.55,41.64,72.72333333333333
Gujarat,Chemicals,321,95,118,11.45,2.36,85.69,32.64,98.87,72.39999999999999
Maharashtra,AI,532,68,325,118.62,0.84,93.09,98.87,25.08,72.34666666666666
Tamil Nadu,Enterprise Software,171,47,72,23.77,1.36,70.66,60.77,85.37,72.26666666666667
Delhi,Events,95,24,39,27.48,1.92,50.72,68.97,96.95,72.21333333333332
Karnataka,Robotics,63,9,31,85.59,1.35,34.41,96.95,84.57,71.97666666666666
Uttar Pradesh,AI,338,45,220,121.11,0.87,86.33,99.04,30.39,71.92
Kerala,Advertising,62,17,34,41.42,1.94,33.44,83.68,97.43,71.51666666666667
Telangana,Media & Entertainment,107,24,51,45.77,1.18,55.71,86.01,72.35,71.35666666666667
Chhattisgarh,Food & Beverages,91,11,45,102.26,1.14,49.12,97.59,67.36,71.35666666666667
Uttar Pradesh,Other Specialty Retailers,169,39,72,35.87,1.12,70.18,79.58,64.15,71.30333333333334
Karnataka,Finance Technology,388,116,157,16.34,1.29,90.19,42.77,80.71,71.22333333333333
Haryana,Other Specialty Retailers,91,18,41,50.92,1.21,49.12,89.07,75.24,71.14333333333333
Maharashtra,Social Impact,142,32,76,54.11,1.07,64.15,90.35,58.36,70.95333333333333
Karnataka,Sports,73,16,36,50.0,1.32,41.32,88.5,82.8,70.87333333333333
Uttarakhand,Travel & Tourism,42,6,27,112.13,2.32,15.43,98.31,98.71,70.81666666666666
Delhi,AI,281,53,166,76.98,0.89,83.04,96.14,33.12,70.76666666666667
Delhi,Security Solutions,222,67,87,13.95,2.1,77.09,37.14,98.07,70.76666666666667
Maharashtra,Real Estate,269,74,124,29.45,1.06,82.48,71.86,57.4,70.58
Gujarat,Green Technology,236,62,99,26.36,1.12,78.94,67.52,65.11,70.52333333333333
Delhi,Other Specialty Retailers,149,39,65,29.1,1.21,65.59,70.74,75.08,70.47
Maharashtra,Other Specialty Retailers,238,48,107,49.3,0.97,79.18,87.78,44.21,70.39
Chhattisgarh,Construction,124,29,45,24.57,1.37,60.61,63.26,86.5,70.12333333333333
Delhi,Travel & Tourism,243,74,102,17.4,1.34,79.9,45.66,83.92,69.82666666666667
Uttar Pradesh,IT Services,1292,371,564,23.3,1.01,99.36,59.97,49.52,69.61666666666667
Andhra Pradesh,Food & Beverages,151,27,78,69.97,0.99,65.92,95.34,47.43,69.56333333333333
Karnataka,Technology Hardware,395,112,164,21.01,1.1,90.51,55.47,62.54,69.50666666666666
Maharashtra,Sports,128,34,54,26.03,1.26,61.25,66.96,79.74,69.31666666666666
Haryana,Healthcare & Lifesciences,574,163,244,22.35,1.05,93.57,58.04,56.27,69.29333333333332
Himachal Pradesh,Construction,66,17,29,30.61,1.99,36.82,73.15,97.59,69.18666666666667
Haryana,Food & Beverages,339,87,162,36.46,0.94,86.5,80.39,40.35,69.08
Karnataka,Enterprise Software,258,78,96,10.94,1.66,81.27,31.91,93.41,68.86333333333332
Karnataka,Architecture Interior Design,112,28,43,23.92,1.39,57.56,61.41,87.3,68.75666666666666
Telangana,Retail,137,27,72,63.3,1.0,63.26,93.73,49.04,68.67666666666666
Gujarat,Transportation & Storage,160,38,61,26.7,1.14,68.49,68.49,68.81,68.59666666666666
Kerala,IT Services,584,191,227,9.02,1.31,93.89,29.42,82.32,68.54333333333332
Uttar Pradesh,Waste Management,146,31,71,51.34,1.01,65.43,89.39,50.8,68.53999999999999
Uttar Pradesh,Professional & Commercial Services,690,209,272,14.08,1.16,96.22,38.1,70.9,68.40666666666667
Kerala,Robotics,40,9,23,59.86,2.2,13.67,92.93,98.23,68.27666666666667
Delhi,Social Impact,78,17,39,51.46,1.17,43.81,89.55,71.38,68.24666666666667
Delhi,Professional & Commercial Services,596,172,213,11.28,1.23,94.37,32.48,77.33,68.06
Maharashtra,Finance Technology,679,208,252,10.07,1.24,95.82,30.39,77.97,68.05999999999999
West Bengal,Finance Technology,143,42,62,21.5,1.32,64.39,56.59,83.12,68.03333333333333
Delhi,Food & Beverages,564,156,250,26.59,0.95,93.41,68.33,42.28,68.00666666666666
Andhra Pradesh,Healthcare & Lifesciences,214,51,115,50.16,0.93,76.21,88.75,38.91,67.95666666666666
Bihar,Security Solutions,53,11,22,41.42,1.63,27.01,83.68,93.09,67.92666666666668
Maharashtra,Healthcare & Lifesciences,1910,575,791,17.29,1.07,100.0,45.5,58.2,67.89999999999999
Karnataka,Internet of Things,92,23,38,28.54,1.34,49.68,69.77,84.24,67.89666666666666
Jharkhand,Construction,134,40,55,17.26,1.73,63.02,45.1,95.02,67.71333333333334
Odisha,Real Estate,40,6,22,91.49,1.56,13.67,97.43,91.8,67.63333333333333
Karnataka,Food & Beverages,631,186,288,24.43,0.97,95.18,62.38,45.34,67.63333333333333
Maharashtra,Toys and Games,106,29,45,24.57,1.33,55.39,63.26,83.6,67.41666666666666
Jammu and Kashmir,Travel & Tourism,45,11,22,41.42,2.62,18.89,83.68,99.36,67.31
Delhi,Sports,61,12,34,68.33,1.2,32.72,95.02,73.95,67.22999999999999
Gujarat,Technology Hardware,603,205,203,-0.49,1.59,94.61,14.47,92.44,67.17333333333333
Tamil Nadu,Education,426,118,183,24.53,0.99,91.32,63.02,47.11,67.15
Delhi,Retail,258,75,98,14.31,1.3,81.27,38.75,81.19,67.07
Gujarat,Construction,755,205,306,22.18,0.97,96.78,57.72,45.5,66.66666666666667
Tamil Nadu,Waste Management,120,31,51,28.26,1.16,59.89,69.61,69.94,66.47999999999999
Assam,Construction,206,69,78,6.32,2.45,75.24,24.84,99.04,66.37333333333333
Uttar Pradesh,Fashion,247,61,106,31.82,0.96,80.55,74.92,43.41,66.29333333333332
Maharashtra,Media & Entertainment,359,116,130,5.86,1.36,88.59,24.28,85.85,66.24
Telangana,Food & Beverages,358,97,173,33.55,0.88,88.34,77.65,32.32,66.10333333333332
Rajasthan,Finance Technology,168,56,78,18.02,1.3,69.77,47.03,81.51,66.10333333333332
Himachal Pradesh,Travel & Tourism,33,6,16,63.3,3.67,4.82,93.73,99.68,66.07666666666667
Delhi,Human Resources,386,146,144,-0.69,1.67,89.87,14.31,93.89,66.02333333333334
Rajasthan,Textiles & Apparel,119,36,56,24.72,1.2,59.57,63.99,74.44,66.0
Andhra Pradesh,Aeronautics Aerospace & Defence,43,10,25,58.11,1.45,16.8,91.8,88.91,65.83666666666666
Rajasthan,Waste Management,63,12,33,65.83,1.14,34.41,94.61,68.01,65.67666666666666
Kerala,Healthcare & Lifesciences,379,110,167,23.21,1.0,89.39,59.81,47.75,65.65
Delhi,Architecture Interior Design,80,15,38,59.16,1.09,44.53,92.12,60.13,65.59333333333333
Maharashtra,Agriculture,1440,479,524,4.59,1.2,99.52,22.99,73.79,65.43333333333334
Uttar Pradesh,Healthcare & Lifesciences,1067,324,466,19.93,0.97,98.39,52.73,44.86,65.32666666666667
Kerala,Food & Beverages,262,75,113,22.75,1.04,81.67,59.16,54.82,65.21666666666667
Delhi,Textiles & Apparel,239,74,104,18.55,1.13,79.5,49.28,66.72,65.16666666666666
Gujarat,Healthcare & Lifesciences,1090,331,437,14.9,1.05,98.55,40.35,56.43,65.11
Maharashtra,Automotive,483,145,184,12.65,1.14,92.77,34.24,68.17,65.06
Uttar Pradesh,Textiles & Apparel,281,83,119,19.74,1.09,83.04,51.93,59.97,64.97999999999999
Uttar Pradesh,Security Solutions,145,43,67,24.83,1.12,65.19,64.79,64.79,64.92333333333333
Gujarat,Logistics,93,20,49,56.52,1.03,50.16,91.48,52.73,64.78999999999999
Jharkhand,Agriculture,82,18,32,33.33,1.18,45.02,77.09,72.03,64.71333333333334
Uttarakhand,Construction,72,13,35,64.08,1.08,40.59,94.21,59.32,64.70666666666666
Uttarakhand,Healthcare & Lifesciences,109,30,46,23.83,1.22,56.35,61.09,76.53,64.65666666666667
Tamil Nadu,IT Services,1121,391,411,2.53,1.21,99.04,18.65,75.72,64.47
Karnataka,Retail,246,81,112,17.59,1.13,80.39,46.14,66.88,64.47
Rajasthan,Travel & Tourism,89,21,49,52.75,1.05,47.91,89.95,55.47,64.44333333333333
West Bengal,Fashion,107,31,46,21.81,1.29,55.71,57.07,80.55,64.44333333333333
Gujarat,Automotive,297,92,115,11.8,1.21,84.41,33.12,75.56,64.36333333333333
Tamil Nadu,Logistics,97,27,39,20.19,1.4,51.37,53.7,87.62,64.22999999999999
Jammu and Kashmir,Agriculture,75,20,32,26.49,1.31,42.12,67.93,82.48,64.17666666666668
Maharashtra,Robotics,87,16,42,62.02,1.02,46.78,93.25,52.09,64.03999999999999
Maharashtra,Technology Hardware,678,208,280,16.02,1.04,95.66,42.04,54.02,63.90666666666666
Karnataka,Healthcare & Lifesciences,888,258,386,22.32,0.91,97.43,57.88,36.17,63.82666666666666
Haryana,Pets & Animals,36,9,18,41.42,2.04,9.57,83.68,97.91,63.72
Karnataka,Travel & Tourism,189,46,81,32.7,0.95,72.91,75.56,42.6,63.69
Karnataka,Events,61,13,33,59.33,1.13,32.72,92.36,65.92,63.66666666666666
Odisha,IT Services,240,77,105,16.77,1.13,79.74,44.05,67.2,63.66333333333333
Maharashtra,Fashion,427,122,170,18.04,1.02,91.48,47.27,51.93,63.56
Haryana,Fashion,133,33,56,30.27,1.04,62.86,72.35,54.5,63.23666666666666
Chhattisgarh,Renewable Energy,53,13,26,41.42,1.25,27.01,83.68,78.14,62.943333333333335
Maharashtra,Chemicals,319,109,114,2.27,1.36,85.37,18.01,85.05,62.81
Haryana,Education,303,87,125,19.87,1.02,84.73,52.25,51.45,62.809999999999995
Assam,Agriculture,119,34,44,13.76,1.57,59.57,36.58,91.96,62.703333333333326
Maharashtra,Retail,341,86,146,30.29,0.86,86.66,72.51,27.97,62.379999999999995
Haryana,Architecture Interior Design,53,11,24,47.71,1.18,27.01,87.14,72.99,62.379999999999995
Rajasthan,IT Services,455,132,195,21.54,0.93,91.96,56.91,38.26,62.37666666666666
Telangana,Technology Hardware,201,54,99,35.4,0.89,73.95,78.94,34.08,62.32333333333333
Maharashtra,Architecture Interior Design,167,48,68,19.02,1.14,69.29,50.08,67.52,62.29666666666667
Punjab,Healthcare & Lifesciences,130,34,59,31.73,1.01,62.14,74.6,50.0,62.24666666666666
Maharashtra,Green Technology,387,125,163,14.19,1.07,90.03,38.59,58.04,62.22
Karnataka,Biotechnology,88,28,40,19.52,1.44,47.35,51.05,88.26,62.22
West Bengal,Professional & Commercial Services,227,65,83,13.0,1.19,77.97,35.05,73.47,62.16333333333333
Kerala,Retail,104,31,45,20.48,1.23,54.66,54.5,77.17,62.11
Rajasthan,Transportation & Storage,67,17,30,32.84,1.18,37.54,75.72,72.67,61.97666666666666
Maharashtra,Transportation & Storage,292,96,111,7.53,1.21,83.84,26.61,75.4,61.949999999999996
Madhya Pradesh,Real Estate,63,14,26,36.28,1.17,34.41,80.14,71.22,61.92333333333333
Telangana,AR VR (Augmented + Virtual Reality),31,5,13,61.25,1.49,2.33,93.09,90.19,61.870000000000005
Haryana,Travel & Tourism,109,26,50,38.68,0.99,56.35,82.23,46.62,61.73333333333333
Assam,Healthcare & Lifesciences,132,40,57,19.37,1.17,62.62,50.8,71.7,61.706666666666656
Uttar Pradesh,Technology Hardware,410,124,167,16.05,1.02,90.84,42.28,51.77,61.63
Haryana,Aeronautics Aerospace & Defence,79,20,35,32.29,1.12,44.29,75.32,65.27,61.62666666666665
Uttarakhand,Food & Beverages,66,17,34,41.42,1.12,36.82,83.68,64.31,61.60333333333334
Maharashtra,IT Services,1801,520,767,21.45,0.86,99.84,56.27,28.62,61.57666666666667
Delhi,Healthcare & Lifesciences,998,340,366,3.75,1.11,98.07,22.03,63.99,61.36333333333333
West Bengal,Retail,99,32,46,19.9,1.26,52.17,52.49,79.26,61.30666666666667
Punjab,Textiles & Apparel,44,9,16,33.33,1.45,18.01,77.09,88.75,61.28333333333333
Delhi,Fashion,278,93,95,1.07,1.32,82.8,17.04,83.44,61.093333333333334
Tamil Nadu,Robotics,69,20,28,18.32,1.83,38.83,48.55,95.82,61.06666666666666
Rajasthan,Construction,323,94,128,16.69,1.03,85.85,43.73,53.05,60.87666666666666
Maharashtra,Analytics,82,22,40,34.84,1.07,45.02,78.46,58.52,60.666666666666664
West Bengal,Transportation & Storage,63,18,28,24.72,1.32,34.41,63.99,83.28,60.559999999999995
Tamil Nadu,Aeronautics Aerospace & Defence,137,45,57,12.55,1.34,63.26,34.0,84.41,60.556666666666665
Maharashtra,Waste Management,223,66,102,24.32,0.95,77.49,62.14,41.96,60.529999999999994
West Bengal,Healthcare & Lifesciences,357,110,149,16.38,1.01,87.94,43.09,50.16,60.39666666666666
Rajasthan,AI,128,30,73,55.99,0.86,61.25,91.0,28.78,60.343333333333334
Madhya Pradesh,Human Resources,222,87,68,-11.59,2.26,77.09,5.31,98.55,60.31666666666666
Tamil Nadu,Renewable Energy,317,100,116,7.7,1.14,85.21,27.01,68.65,60.29
Bihar,Real Estate,49,13,24,35.87,1.26,22.19,79.58,78.94,60.236666666666665
Haryana,Real Estate,94,29,42,20.34,1.22,50.4,54.1,76.21,60.23666666666666
Telangana,Renewable Energy,171,34,83,56.24,0.79,70.66,91.16,18.65,60.156666666666666
Maharashtra,House-Hold Services,160,46,70,23.36,1.02,68.49,60.21,51.61,60.10333333333333
Kerala,Enterprise Software,101,36,45,11.8,1.67,52.97,33.12,93.73,59.94
Telangana,Biotechnology,59,19,28,21.4,1.53,31.75,56.03,91.48,59.75333333333333
Madhya Pradesh,Professional & Commercial Services,208,59,85,20.03,1.01,75.4,53.05,50.48,59.64333333333333
Rajasthan,Fashion,160,58,59,0.86,1.62,68.49,16.88,92.93,59.43333333333333
Gujarat,Food & Beverages,627,186,257,17.55,0.92,95.02,45.98,37.14,59.379999999999995
Telangana,Agriculture,353,106,165,24.76,0.85,87.54,64.63,25.88,59.349999999999994
Karnataka,Marketing,157,40,67,29.42,0.93,67.77,71.7,38.42,59.29666666666666
West Bengal,IT Services,377,113,162,19.73,0.91,89.23,51.77,36.66,59.22
Haryana,Logistics,54,12,23,38.44,1.13,28.05,81.75,67.04,58.94666666666667
Delhi,Technology Hardware,333,102,134,14.62,1.01,86.17,39.71,50.96,58.946666666666665
Maharashtra,Textiles & Apparel,352,98,154,25.36,0.84,87.3,65.76,23.63,58.89666666666666
Karnataka,Toys and Games,65,19,27,19.21,1.48,36.09,50.56,90.03,58.89333333333333
West Bengal,Construction,251,72,104,20.19,0.95,80.87,53.7,41.8,58.79
Delhi,Telecommunication & Networking,109,35,41,8.23,1.52,56.35,28.46,91.32,58.709999999999994
Madhya Pradesh,Healthcare & Lifesciences,343,97,140,20.14,0.9,86.82,53.38,35.21,58.47
West Bengal,Food & Beverages,256,80,100,11.8,1.09,81.03,33.12,61.25,58.46666666666666
Gujarat,AI,203,27,138,126.08,0.56,74.68,99.2,1.45,58.44333333333333
Tamil Nadu,Automotive,261,100,83,-8.9,1.4,81.51,6.27,87.46,58.41333333333333
Gujarat,Toys and Games,53,13,24,35.87,1.14,27.01,79.58,68.49,58.36
Maharashtra,Events,99,25,43,31.15,1.0,52.17,73.63,49.2,58.33333333333333
Bihar,IT Services,225,54,121,49.69,0.7,77.81,88.26,8.84,58.303333333333335
Kerala,Biotechnology,35,9,16,33.33,1.47,8.04,77.09,89.55,58.22666666666666
Haryana,Advertising,56,15,24,26.49,1.22,29.5,67.93,76.85,58.093333333333334
Odisha,Agriculture,145,50,64,13.14,1.19,65.19,35.37,73.63,58.063333333333325
Punjab,IT Services,155,45,65,20.19,1.03,67.12,53.7,53.22,58.013333333333335
Punjab,Food & Beverages,89,24,40,29.1,1.04,47.91,70.74,55.31,57.986666666666665
Maharashtra,Design,144,49,52,3.02,1.46,64.79,19.61,89.07,57.82333333333333
Haryana,IT Services,586,188,251,15.55,0.92,94.05,41.64,37.46,57.71666666666666
Telangana,Architecture Interior Design,55,14,28,41.42,1.09,28.86,83.68,60.45,57.663333333333334
Gujarat,Finance Technology,284,78,113,20.36,0.89,83.44,54.34,34.73,57.50333333333333
Maharashtra,Professional & Commercial Services,944,299,352,8.5,0.98,97.91,28.78,45.82,57.50333333333333
West Bengal,Agriculture,263,78,91,8.01,1.1,81.91,27.73,62.86,57.5
Haryana,Automotive,185,70,66,-2.9,1.43,72.19,12.22,87.94,57.45
Delhi,Logistics,99,28,37,14.95,1.26,52.17,40.51,79.42,57.36666666666666
Rajasthan,Agriculture,314,102,113,5.25,1.11,85.05,23.47,63.5,57.339999999999996
Madhya Pradesh,IT Services,421,132,173,14.48,0.94,91.16,39.55,41.16,57.28999999999999
Uttar Pradesh,Advertising,111,35,46,14.64,1.2,57.15,39.87,74.76,57.26
West Bengal,Education,199,62,85,17.09,1.03,73.63,44.69,53.38,57.233333333333334
Maharashtra,Travel & Tourism,296,82,128,24.94,0.82,84.24,65.11,22.19,57.18
Uttarakhand,Education,55,13,23,33.01,1.13,28.86,76.13,66.24,57.07666666666666
Delhi,House-Hold Services,103,32,41,13.19,1.31,54.02,35.53,81.67,57.07333333333334
Maharashtra,Marketing,348,120,125,2.06,1.13,86.98,17.68,66.56,57.07333333333333
Haryana,Professional & Commercial Services,286,79,107,16.38,0.97,83.6,42.93,44.69,57.07333333333332
West Bengal,Social Impact,34,10,20,41.42,1.29,6.43,83.68,80.87,56.99333333333334
Odisha,Healthcare & Lifesciences,176,50,73,20.83,0.97,70.9,54.98,45.02,56.96666666666666
Tamil Nadu,Finance Technology,230,62,88,19.14,0.95,78.46,50.32,42.12,56.96666666666666
Jharkhand,Human Resources,40,12,19,25.83,1.5,13.67,66.48,90.68,56.943333333333335
Haryana,Security Solutions,66,17,32,37.2,1.03,36.82,80.87,52.89,56.86
Maharashtra,Safety,58,16,25,25.0,1.2,31.11,65.27,74.12,56.83333333333333
Chhattisgarh,Agriculture,153,50,43,-7.26,1.88,66.16,7.4,96.62,56.72666666666666
Punjab,Agriculture,97,29,42,20.34,1.12,51.37,54.1,64.47,56.64666666666666
Tamil Nadu,Technology Hardware,310,95,108,6.62,1.07,84.89,25.56,59.16,56.53666666666666
Tamil Nadu,Agriculture,583,206,203,-0.73,1.1,93.73,13.99,61.58,56.43333333333333
Haryana,Green Technology,120,37,52,18.55,1.08,59.89,49.28,59.81,56.32666666666667
Karnataka,Social Network,59,16,22,17.26,1.58,31.75,45.1,92.12,56.32333333333334
Andhra Pradesh,Other Specialty Retailers,35,5,21,104.94,1.11,8.04,97.91,63.02,56.32333333333333
Haryana,House-Hold Services,73,24,31,13.65,1.52,41.32,36.25,91.16,56.243333333333325
Telangana,Robotics,38,12,21,32.29,1.29,11.82,75.32,81.03,56.05666666666666
Rajasthan,Food & Beverages,276,93,121,14.06,0.99,82.64,37.78,47.27,55.89666666666667
Odisha,Renewable Energy,68,18,30,29.1,1.07,38.02,70.74,58.68,55.81333333333333
Madhya Pradesh,Telecommunication & Networking,45,12,18,22.47,1.48,18.89,58.6,89.87,55.78666666666666
Haryana,Sports,42,12,19,25.83,1.36,15.43,66.48,85.21,55.70666666666666
Andhra Pradesh,Enterprise Software,39,8,25,76.78,1.07,12.86,95.9,57.72,55.49333333333334
Haryana,Waste Management,88,26,35,16.02,1.23,47.35,42.04,77.01,55.46666666666667
Tamil Nadu,Green Technology,201,71,70,-0.71,1.25,73.95,14.15,78.3,55.46666666666667
Goa,Food & Beverages,50,16,22,17.26,2.03,23.55,45.1,97.75,55.46666666666666
Delhi,Green Technology,202,65,76,8.13,1.11,74.36,28.3,63.67,55.44333333333333
Gujarat,Enterprise Software,141,38,66,31.79,0.85,63.99,74.76,27.01,55.25333333333333
Madhya Pradesh,Waste Management,57,15,24,26.49,1.14,30.14,67.93,67.68,55.25
Karnataka,Construction,435,118,196,28.88,0.59,91.8,69.94,3.86,55.199999999999996
Madhya Pradesh,Food & Beverages,263,89,104,8.1,1.04,81.91,28.14,55.14,55.06333333333333
Maharashtra,Education,794,236,328,17.89,0.81,97.11,46.78,21.22,55.03666666666666
Maharashtra,Construction,1096,311,422,16.49,0.82,98.71,43.25,22.51,54.82333333333332
Delhi,Education,468,158,186,8.5,0.96,92.6,28.62,43.09,54.769999999999996
Goa,Travel & Tourism,36,11,16,20.6,4.77,9.57,54.66,100.0,54.743333333333325
West Bengal,Technology Hardware,103,20,48,54.92,0.79,54.02,90.68,19.29,54.663333333333334
Maharashtra,Advertising,169,55,64,7.87,1.13,70.18,27.33,66.08,54.529999999999994
Maharashtra,Biotechnology,89,16,50,76.78,0.8,47.91,95.9,19.61,54.473333333333336
Rajasthan,Education,265,106,98,-3.85,1.15,82.15,10.61,69.77,54.17666666666666
Rajasthan,Healthcare & Lifesciences,358,109,152,18.09,0.85,88.34,47.75,26.21,54.099999999999994
Himachal Pradesh,Agriculture,74,28,30,3.51,2.47,41.64,21.3,99.2,54.04666666666666
Madhya Pradesh,AI,96,11,64,141.21,0.71,51.05,99.68,11.25,53.99333333333333
Odisha,Travel & Tourism,39,8,20,58.11,1.06,12.86,91.8,57.23,53.963333333333324
Gujarat,Human Resources,157,35,84,54.92,0.59,67.77,90.68,3.22,53.88999999999999
Maharashtra,Enterprise Software,250,75,105,18.32,0.88,80.71,48.55,32.15,53.80333333333333
Telangana,Construction,295,81,136,29.58,0.64,84.08,72.03,5.14,53.74999999999999
Karnataka,Green Technology,218,71,77,4.14,1.1,76.53,22.51,62.06,53.7
Uttar Pradesh,Travel & Tourism,180,49,79,26.97,0.81,71.7,68.65,20.74,53.696666666666665
Rajasthan,House-Hold Services,40,9,20,49.07,1.08,13.67,87.54,59.65,53.62
Madhya Pradesh,Technology Hardware,103,20,51,59.69,0.74,54.02,92.77,13.67,53.486666666666665
Karnataka,Indic Language Startups,38,7,15,46.39,1.1,11.82,86.41,62.22,53.483333333333334
Delhi,Marketing,180,62,65,2.39,1.16,71.7,18.17,70.58,53.48333333333333
Rajasthan,Retail,90,27,43,26.2,0.96,48.63,67.36,44.05,53.346666666666664
Telangana,Real Estate,96,29,40,17.44,1.1,51.05,45.82,62.7,53.19
Chhattisgarh,Professional & Commercial Services,72,21,31,21.5,1.1,40.59,56.59,62.38,53.18666666666667
Uttar Pradesh,Finance Technology,283,74,106,19.68,0.84,83.28,51.61,24.6,53.16333333333333
Rajasthan,Other Specialty Retailers,62,17,27,26.03,1.07,33.44,66.96,58.84,53.08
Haryana,Renewable Energy,168,49,73,22.06,0.88,69.77,57.56,31.67,52.99999999999999
Rajasthan,Enterprise Software,60,12,30,58.11,0.9,32.15,91.8,34.89,52.94666666666666
West Bengal,Textiles & Apparel,113,35,35,0.0,1.36,58.04,15.76,84.89,52.89666666666666
Delhi,Media & Entertainment,167,58,53,-4.41,1.26,69.29,9.65,79.58,52.839999999999996
Tamil Nadu,Retail,165,50,70,18.32,0.94,68.97,48.55,40.68,52.733333333333334
Jharkhand,IT Services,115,33,49,21.85,0.95,58.52,57.23,42.44,52.72999999999999
Delhi,IT Services,932,315,366,7.79,0.89,97.59,27.17,33.28,52.68
Delhi,Real Estate,123,34,49,20.05,0.97,60.21,53.22,44.53,52.653333333333336
Maharashtra,Security Solutions,182,53,78,21.31,0.86,72.03,55.79,29.42,52.41333333333333
Madhya Pradesh,Travel & Tourism,69,16,32,41.42,0.89,38.83,83.68,34.57,52.36
Uttar Pradesh,Architecture Interior Design,90,23,35,23.36,1.0,48.63,60.21,48.07,52.303333333333335
Rajasthan,Marketing,77,21,31,21.5,1.06,43.17,56.59,56.91,52.22333333333333
Telangana,Other Specialty Retailers,70,15,40,63.3,0.83,39.55,93.73,22.99,52.089999999999996
Uttar Pradesh,Agriculture,620,189,245,13.86,0.84,94.86,36.98,24.12,51.98666666666666
Tamil Nadu,Healthcare & Lifesciences,722,243,261,3.64,0.91,96.62,21.86,36.98,51.81999999999999
Telangana,Fashion,108,27,55,42.72,0.75,55.95,84.89,14.31,51.71666666666667
Haryana,Events,33,7,16,51.19,1.09,4.82,89.23,61.09,51.71333333333333
Uttar Pradesh,Pets & Animals,36,7,19,64.75,1.01,9.57,94.37,50.64,51.52666666666667
Uttar Pradesh,House-Hold Services,90,24,38,25.83,0.93,48.63,66.48,39.23,51.44666666666667
Tamil Nadu,Analytics,47,13,18,17.67,1.39,20.9,46.46,86.82,51.39333333333333
Haryana,Finance Technology,178,60,68,6.46,1.06,71.14,25.16,57.56,51.28666666666666
Gujarat,Travel & Tourism,154,37,64,31.52,0.73,66.56,74.28,13.02,51.28666666666666
Andhra Pradesh,Technology Hardware,72,18,38,45.3,0.86,40.59,85.53,27.49,51.20333333333333
Karnataka,Textiles & Apparel,156,38,68,33.77,0.68,67.52,78.14,7.56,51.07333333333332
Odisha,AI,54,6,33,134.52,0.85,28.05,99.52,25.4,50.989999999999995
Tamil Nadu,Food & Beverages,509,180,179,-0.28,0.97,92.93,14.63,45.18,50.91333333333333
Madhya Pradesh,Green Technology,68,17,33,39.33,0.88,38.02,82.48,31.99,50.83
Maharashtra,Human Resources,396,116,146,12.19,0.86,90.68,33.76,27.81,50.75
West Bengal,AI,83,8,54,159.81,0.66,45.42,99.84,6.43,50.56333333333333
Uttar Pradesh,Telecommunication & Networking,112,39,38,-1.29,1.28,57.56,13.83,80.06,50.483333333333334
Haryana,Technology Hardware,187,56,73,14.17,0.94,72.59,38.42,39.55,50.18666666666666
Maharashtra,Internet of Things,129,43,55,13.1,1.03,61.74,35.21,53.54,50.16333333333333
Gujarat,Non-Renewable Energy,105,46,28,-21.98,1.58,55.06,2.73,92.28,50.023333333333326
Karnataka,Human Resources,202,54,79,20.95,0.8,74.36,55.14,20.26,49.92
Uttar Pradesh,Retail,228,73,90,11.03,0.93,78.22,32.15,39.39,49.91999999999999
Uttar Pradesh,Social Impact,77,23,36,25.11,0.94,43.17,65.43,40.84,49.81333333333333
Delhi,Finance Technology,292,110,97,-6.09,1.06,83.84,8.36,57.07,49.75666666666666
Uttar Pradesh,Media & Entertainment,143,46,66,19.78,0.88,64.39,52.09,32.64,49.70666666666666
Andhra Pradesh,Renewable Energy,68,17,36,45.52,0.84,38.02,85.69,24.92,49.54333333333333
Gujarat,IT Services,935,287,359,11.84,0.77,97.75,33.6,16.4,49.25
Karnataka,Professional & Commercial Services,389,114,155,16.6,0.74,90.35,43.57,13.34,49.086666666666666
Jammu and Kashmir,IT Services,71,13,37,68.71,0.72,39.95,95.18,11.58,48.903333333333336
Bihar,Renewable Energy,69,13,41,77.59,0.71,38.83,96.3,11.09,48.73999999999999
Haryana,Marketing,109,34,36,2.9,1.16,56.35,19.21,70.1,48.55333333333333
Tamil Nadu,Textiles & Apparel,203,71,65,-4.32,1.09,74.68,9.81,60.93,48.47333333333333
Gujarat,Real Estate,103,26,49,37.28,0.7,54.02,81.03,9.49,48.18
Assam,Travel & Tourism,43,14,17,10.19,1.89,16.8,30.71,96.78,48.096666666666664
West Bengal,Other Specialty Retailers,54,16,23,19.9,1.11,28.05,52.49,63.34,47.959999999999994
Tamil Nadu,Architecture Interior Design,57,12,23,38.44,0.88,30.14,81.75,31.83,47.906666666666666
Chhattisgarh,IT Services,110,28,46,28.17,0.78,56.83,69.45,17.2,47.82666666666667
Telangana,Logistics,46,8,27,83.71,0.85,19.86,96.62,26.85,47.77666666666666
Telangana,Transportation & Storage,67,13,27,44.12,0.81,37.54,85.21,20.42,47.72333333333332
Punjab,Construction,83,22,36,27.92,0.86,45.42,69.21,28.46,47.69666666666666
Maharashtra,Social Network,70,21,30,19.52,1.02,39.55,51.05,52.41,47.669999999999995
Haryana,Transportation & Storage,87,28,31,5.22,1.18,46.78,23.31,72.83,47.64
Delhi,Advertising,103,47,28,-22.82,1.37,54.02,2.41,86.33,47.586666666666666
Rajasthan,Art & Photography,36,11,14,12.82,2.21,9.57,34.65,98.39,47.53666666666666
Uttarakhand,Retail,35,13,17,14.35,1.76,8.04,39.15,95.34,47.51
Karnataka,Pets & Animals,55,20,21,2.47,1.73,28.86,18.41,94.86,47.376666666666665
Gujarat,Security Solutions,85,20,44,48.32,0.7,45.82,87.3,8.68,47.266666666666666
Karnataka,AR VR (Augmented + Virtual Reality),42,13,18,17.67,1.27,15.43,46.46,79.9,47.263333333333335
Gujarat,Design,72,28,30,3.51,1.25,40.59,21.3,78.46,46.78333333333333
Telangana,Travel & Tourism,81,18,42,52.75,0.65,44.69,89.95,5.63,46.75666666666666
Uttar Pradesh,Green Technology,164,47,70,22.04,0.74,68.81,57.4,13.18,46.46333333333333
Telangana,Professional & Commercial Services,238,65,91,18.32,0.72,79.18,48.55,11.41,46.38
Telangana,Human Resources,114,29,47,27.31,0.72,58.36,68.81,11.9,46.35666666666667
West Bengal,Media & Entertainment,49,13,23,33.01,0.94,22.19,76.13,40.19,46.17
Bihar,Finance Technology,64,13,29,49.36,0.76,35.45,88.02,14.79,46.086666666666666
West Bengal,Renewable Energy,104,31,47,23.13,0.84,54.66,59.32,23.95,45.97666666666667
Himachal Pradesh,Healthcare & Lifesciences,55,18,22,10.55,1.24,28.86,31.35,77.65,45.95333333333333
Telangana,Finance Technology,155,43,60,18.12,0.82,67.12,47.91,22.83,45.95333333333333
Karnataka,Other Specialty Retailers,118,33,46,18.07,0.88,59.16,47.43,30.87,45.82
Telangana,Internet of Things,47,15,22,21.11,1.09,20.9,55.63,60.77,45.766666666666666
Odisha,Textiles & Apparel,45,13,20,24.03,1.06,18.89,61.74,56.59,45.739999999999995
Goa,IT Services,38,8,22,65.83,0.87,11.82,94.61,30.55,45.66
Karnataka,Analytics,69,27,20,-13.93,1.64,38.83,4.82,93.25,45.63333333333333
Delhi,Transportation & Storage,129,44,45,1.13,1.07,61.74,17.2,57.88,45.60666666666667
Kerala,Media & Entertainment,66,24,28,8.01,1.18,36.82,27.73,71.86,45.47
Karnataka,Security Solutions,102,29,41,18.9,0.88,53.46,49.84,32.96,45.42
Punjab,Fashion,34,9,14,24.72,1.13,6.43,63.99,65.76,45.39333333333333
Karnataka,House-Hold Services,61,11,28,59.54,0.71,32.72,92.6,10.45,45.25666666666666
Gujarat,House-Hold Services,106,42,38,-4.88,1.16,55.39,9.16,71.06,45.20333333333333
Telangana,Events,34,8,15,36.93,1.0,6.43,80.71,48.23,45.12333333333333
Telangana,Analytics,36,13,17,14.35,1.36,9.57,39.15,86.01,44.91
Kerala,Fashion,65,16,34,45.77,0.73,36.09,86.01,12.54,44.88
Tamil Nadu,Transportation & Storage,124,49,32,-19.19,1.16,60.61,3.22,70.74,44.85666666666667
Bihar,Healthcare & Lifesciences,220,73,95,14.08,0.8,76.69,37.94,19.94,44.85666666666666
Tamil Nadu,Professional & Commercial Services,364,118,125,2.92,0.85,88.75,19.45,26.37,44.85666666666666
Andhra Pradesh,Transportation & Storage,31,8,16,41.42,1.0,2.33,83.68,48.55,44.85333333333333
Delhi,Design,49,14,22,25.36,0.99,22.19,65.76,46.46,44.803333333333335
Uttar Pradesh,Marketing,170,56,66,8.56,0.9,70.42,28.94,35.05,44.80333333333333
Uttar Pradesh,Logistics,68,16,34,45.77,0.71,38.02,86.01,10.29,44.77333333333333
Delhi,Aeronautics Aerospace & Defence,113,40,48,9.54,0.98,58.04,30.06,45.66,44.58666666666666
Gujarat,Safety,42,12,14,8.01,1.5,15.43,27.73,90.51,44.556666666666665
Andhra Pradesh,Human Resources,53,16,27,29.9,0.89,27.01,72.19,34.41,44.53666666666666
Odisha,Professional & Commercial Services,87,25,36,20.0,0.89,46.78,52.89,33.76,44.47666666666666
Andhra Pradesh,Finance Technology,55,12,26,47.2,0.78,28.86,86.9,17.52,44.42666666666666
Maharashtra,Aeronautics Aerospace & Defence,191,61,79,13.8,0.83,73.15,36.82,23.15,44.373333333333335
Haryana,Construction,332,103,117,6.58,0.81,86.01,25.4,21.7,44.370000000000005
Uttar Pradesh,Enterprise Software,139,44,62,18.71,0.79,63.5,49.68,19.13,44.103333333333325
Chhattisgarh,Education,78,24,24,0.0,1.18,43.81,15.76,72.51,44.02666666666667
Karnataka,Automotive,217,77,77,0.0,0.94,76.37,15.76,39.87,44.0
Telangana,Chemicals,64,16,29,34.63,0.79,35.45,78.3,18.17,43.97333333333333
Tamil Nadu,Other Specialty Retailers,89,22,34,24.32,0.82,47.91,62.14,21.86,43.97
Jammu and Kashmir,Food & Beverages,49,12,22,35.4,0.87,22.19,78.94,30.71,43.946666666666665
Delhi,Construction,462,153,186,10.26,0.69,92.28,30.87,8.52,43.89
Delhi,Waste Management,118,37,41,5.27,1.0,59.16,23.63,48.87,43.88666666666666
Uttar Pradesh,Events,63,17,23,16.32,1.04,34.41,42.6,54.34,43.78333333333333
Gujarat,Biotechnology,53,13,25,38.68,0.82,27.01,82.23,22.03,43.75666666666667
Kerala,Marketing,78,29,28,-1.74,1.19,43.81,13.67,73.31,43.596666666666664
Rajasthan,Professional & Commercial Services,224,81,66,-9.73,0.99,77.65,5.95,46.95,43.516666666666666
Uttarakhand,Agriculture,66,22,27,10.78,1.1,36.82,31.67,61.9,43.46333333333333
Telangana,Textiles & Apparel,76,18,39,47.2,0.52,42.68,86.9,0.8,43.46
Madhya Pradesh,Finance Technology,104,30,40,15.47,0.89,54.66,41.08,33.92,43.22
Chandigarh,Healthcare & Lifesciences,57,24,17,-15.84,1.76,30.14,4.18,95.18,43.166666666666664
Maharashtra,Non-Renewable Energy,129,58,33,-24.57,1.12,61.74,2.09,65.59,43.14
Jharkhand,Renewable Energy,43,13,17,14.35,1.19,16.8,39.15,73.15,43.03333333333333
Kerala,Renewable Energy,92,24,40,29.1,0.69,49.68,70.74,8.36,42.92666666666667
Madhya Pradesh,Retail,86,33,40,10.1,1.02,46.22,30.55,51.29,42.68666666666667
Haryana,Human Resources,144,55,51,-3.7,1.02,64.79,10.93,52.25,42.656666666666666
Telangana,Automotive,111,37,54,20.81,0.76,57.15,54.82,15.43,42.46666666666666
Punjab,Education,79,28,29,1.77,1.12,44.29,17.52,65.43,42.413333333333334
Telangana,Design,30,6,16,63.3,0.88,0.88,93.73,32.48,42.36333333333333
Bihar,Textiles & Apparel,47,9,24,63.3,0.72,20.9,93.73,12.06,42.230000000000004
Uttar Pradesh,Art & Photography,57,18,17,-2.82,1.34,30.14,12.46,84.08,42.22666666666666
Telangana,Sports,33,7,13,36.28,0.95,4.82,80.14,41.48,42.14666666666666
Assam,Education,64,21,27,13.39,1.04,35.45,35.77,54.98,42.06666666666666
Delhi,Automotive,204,80,68,-7.8,0.96,75.0,7.23,43.89,42.04
Rajasthan,Real Estate,46,11,25,50.76,0.77,19.86,88.91,16.88,41.883333333333326
Uttar Pradesh,Biotechnology,52,12,25,44.34,0.76,25.56,85.37,14.63,41.85333333333333
Delhi,Pets & Animals,30,9,15,29.1,1.03,0.88,70.74,53.7,41.773333333333326
Odisha,Food & Beverages,124,50,46,-4.08,1.04,60.61,10.21,54.18,41.666666666666664
Tamil Nadu,Media & Entertainment,99,28,39,18.02,0.85,52.17,47.03,25.56,41.58666666666666
Madhya Pradesh,Social Impact,34,11,15,16.77,1.2,6.43,44.05,74.28,41.58666666666666
Bihar,Retail,53,15,24,26.49,0.87,27.01,67.93,29.58,41.50666666666667
Telangana,Green Technology,118,42,47,5.79,0.94,59.16,24.12,41.0,41.42666666666666
Uttar Pradesh,Chemicals,112,32,45,18.59,0.78,57.56,49.52,17.04,41.373333333333335
Uttar Pradesh,Aeronautics Aerospace & Defence,130,40,45,6.07,0.92,62.14,24.52,37.3,41.31999999999999
Tamil Nadu,Design,50,13,16,10.94,1.14,23.55,31.91,68.33,41.26333333333333
Kerala,Internet of Things,39,14,15,3.51,1.46,12.86,21.3,89.39,41.18333333333334
West Bengal,Marketing,61,20,27,16.19,1.0,32.72,42.44,48.39,41.18333333333333
Assam,IT Services,75,18,33,35.4,0.57,42.12,78.94,2.41,41.156666666666666
Jammu and Kashmir,Education,50,19,25,14.71,1.08,23.55,40.11,59.49,41.05
Odisha,Construction,140,58,46,-10.94,1.04,63.75,5.47,53.86,41.02666666666667
Karnataka,Telecommunication & Networking,66,19,29,23.54,0.84,36.82,60.61,25.24,40.89
Karnataka,Renewable Energy,213,62,83,15.7,0.62,76.05,41.8,4.66,40.836666666666666
Karnataka,Fashion,201,68,70,1.46,0.88,73.95,17.36,31.19,40.83333333333333
Karnataka,Agriculture,464,163,173,3.02,0.7,92.44,19.77,9.65,40.620000000000005
Haryana,Telecommunication & Networking,50,16,19,8.97,1.15,23.55,29.18,69.13,40.62
Punjab,Renewable Energy,53,20,22,4.88,1.17,27.01,23.15,71.54,40.56666666666666
Kerala,Textiles & Apparel,50,9,28,76.38,0.56,23.55,95.66,1.61,40.27333333333333
Bihar,Professional & Commercial Services,128,36,44,10.55,0.86,61.25,31.35,28.14,40.24666666666666
Punjab,Automotive,45,15,14,-3.39,1.48,18.89,11.74,89.71,40.11333333333333
Uttarakhand,Professional & Commercial Services,43,11,18,27.92,0.89,16.8,69.21,34.24,40.08333333333333
Rajasthan,Non-Renewable Energy,50,31,5,-59.84,1.85,23.55,0.64,95.98,40.056666666666665
Uttar Pradesh,Transportation & Storage,94,25,39,24.9,0.63,50.4,64.95,4.82,40.056666666666665
Uttar Pradesh,AR VR (Augmented + Virtual Reality),35,9,15,29.1,0.95,8.04,70.74,41.32,40.03333333333333
Kerala,Logistics,30,6,12,41.42,0.9,0.88,83.68,35.37,39.97666666666667
Maharashtra,Pets & Animals,63,23,26,6.32,1.09,34.41,24.84,60.61,39.95333333333333
Haryana,Agriculture,239,74,94,12.71,0.65,79.5,34.41,5.79,39.9
Uttar Pradesh,Robotics,41,9,20,49.07,0.78,14.47,87.54,17.68,39.89666666666666
Tamil Nadu,AR VR (Augmented + Virtual Reality),46,18,13,-15.02,1.73,19.86,4.5,94.53,39.629999999999995
Assam,Professional & Commercial Services,58,19,26,16.98,0.95,31.11,44.37,42.77,39.416666666666664
Telangana,Social Network,34,11,12,4.45,1.44,6.43,22.75,88.59,39.25666666666667
Assam,Food & Beverages,75,28,32,6.9,1.01,42.12,25.8,49.84,39.25333333333333
Kerala,Transportation & Storage,36,5,23,114.48,0.7,9.57,98.55,9.16,39.09333333333333
Kerala,Architecture Interior Design,41,15,16,3.28,1.31,14.47,20.5,82.15,39.04
Gujarat,Architecture Interior Design,86,30,32,3.28,1.01,46.22,20.5,50.32,39.013333333333335
West Bengal,Chemicals,51,15,18,9.54,1.1,24.6,30.06,61.74,38.8
Gujarat,Analytics,38,9,16,33.33,0.86,11.82,77.09,27.33,38.74666666666667
Delhi,Agriculture,244,76,98,13.55,0.4,80.06,36.01,0.16,38.74333333333333
Jharkhand,Professional & Commercial Services,62,19,20,2.6,1.11,33.44,18.81,63.83,38.69333333333333
Bihar,Automotive,44,10,24,54.92,0.67,18.01,90.68,7.23,38.64
Telangana,Advertising,47,14,21,22.47,0.91,20.9,58.6,36.33,38.61
Tamil Nadu,Construction,429,156,146,-3.26,0.73,91.64,11.9,12.22,38.586666666666666
Jharkhand,Food & Beverages,64,19,25,14.71,0.94,35.45,40.11,39.71,38.42333333333333
Rajasthan,Media & Entertainment,53,15,23,23.83,0.86,27.01,61.09,27.17,38.42333333333333
West Bengal,Green Technology,76,28,28,0.0,1.06,42.68,15.76,56.75,38.39666666666666
Delhi,Renewable Energy,234,78,84,3.77,0.74,78.78,22.27,13.99,38.346666666666664
West Bengal,House-Hold Services,38,13,15,7.42,1.22,11.82,26.29,76.69,38.266666666666666
Gujarat,Retail,178,57,66,7.61,0.77,71.14,26.85,16.72,38.23666666666666
Chhattisgarh,Healthcare & Lifesciences,101,30,39,14.02,0.83,52.97,37.46,23.47,37.96666666666666
Andhra Pradesh,Retail,35,6,21,87.08,0.69,8.04,97.11,7.88,37.67666666666666
Delhi,Safety,33,13,14,3.77,1.36,4.82,22.27,85.53,37.54
Tamil Nadu,Marketing,132,45,35,-11.81,0.97,62.62,5.14,44.37,37.376666666666665
Uttarakhand,IT Services,85,27,37,17.06,0.81,45.82,44.53,21.38,37.24333333333333
Maharashtra,Telecommunication & Networking,140,65,36,-25.58,0.98,63.75,1.93,45.98,37.22
Karnataka,Design,63,19,16,-8.23,1.16,34.41,6.91,70.26,37.193333333333335
Kerala,Construction,210,68,73,3.61,0.74,75.64,21.7,13.83,37.056666666666665
Andhra Pradesh,Green Technology,37,10,19,37.84,0.79,10.61,81.35,18.97,36.97666666666666
Uttar Pradesh,Design,48,12,20,29.1,0.79,21.54,70.74,18.01,36.763333333333335
Telangana,Marketing,99,35,37,2.82,0.93,52.17,18.97,39.07,36.736666666666665
Madhya Pradesh,Textiles & Apparel,78,24,31,13.65,0.87,43.81,36.25,30.06,36.70666666666666
Tamil Nadu,House-Hold Services,46,11,22,41.42,0.66,19.86,83.68,6.11,36.550000000000004
Punjab,Travel & Tourism,39,17,14,-9.25,1.49,12.86,6.11,90.35,36.44
Rajasthan,Green Technology,82,32,34,3.08,0.96,45.02,20.02,43.57,36.20333333333333
West Bengal,Security Solutions,38,12,18,22.47,0.91,11.82,58.6,36.82,35.74666666666667
Gujarat,Education,298,98,105,3.51,0.53,84.57,21.3,0.96,35.61
Haryana,Enterprise Software,87,28,26,-3.64,1.0,46.78,11.25,48.71,35.58
Telangana,House-Hold Services,50,16,22,17.26,0.92,23.55,45.1,37.94,35.53
West Bengal,Real Estate,56,18,17,-2.82,1.12,29.5,12.46,64.63,35.529999999999994
Odisha,Finance Technology,33,5,18,89.74,0.6,4.82,97.27,4.02,35.370000000000005
Madhya Pradesh,Advertising,35,7,9,13.39,1.09,8.04,35.77,61.41,35.07333333333333
Telangana,Waste Management,64,19,27,19.21,0.79,35.45,50.56,18.81,34.94
Delhi,Internet of Things,50,13,20,24.03,0.8,23.55,61.74,19.45,34.913333333333334
Tamil Nadu,Travel & Tourism,113,34,44,13.76,0.71,58.04,36.58,9.97,34.86333333333333
Odisha,Retail,33,9,16,33.33,0.82,4.82,77.09,22.67,34.86
Kerala,Technology Hardware,126,51,44,-7.12,0.9,60.93,7.56,35.85,34.78
Punjab,AI,37,10,17,30.38,0.81,10.61,72.67,21.06,34.78
Jammu and Kashmir,Professional & Commercial Services,45,13,17,14.35,0.98,18.89,39.15,46.14,34.72666666666666
Kerala,Waste Management,52,17,19,5.72,1.04,25.56,23.95,54.66,34.72333333333333
Odisha,Education,92,36,36,0.0,0.93,49.68,15.76,38.59,34.67666666666666
Bihar,Fashion,47,12,20,29.1,0.73,20.9,70.74,12.38,34.67333333333333
Karnataka,Chemicals,57,14,24,30.93,0.44,30.14,73.39,0.32,34.61666666666667
Jharkhand,Education,51,14,19,16.5,0.9,24.6,43.41,35.69,34.56666666666666
Karnataka,Media & Entertainment,110,35,42,9.54,0.76,56.83,30.06,15.27,34.05333333333333
West Bengal,Waste Management,33,7,15,46.39,0.71,4.82,86.41,10.61,33.946666666666665
Jammu and Kashmir,Healthcare & Lifesciences,49,13,23,33.01,0.58,22.19,76.13,2.89,33.736666666666665
Kerala,Agriculture,155,52,62,9.19,0.6,67.12,29.58,4.18,33.626666666666665
Himachal Pradesh,IT Services,30,5,17,84.39,0.58,0.88,96.78,2.73,33.46333333333333
Gujarat,Events,32,5,14,67.33,0.56,3.38,94.86,1.77,33.336666666666666
Rajasthan,Human Resources,69,19,28,21.4,0.64,38.83,56.03,4.98,33.28
Karnataka,Advertising,72,24,28,8.01,0.88,40.59,27.73,31.51,33.27666666666667
Uttar Pradesh,Automotive,198,68,63,-3.75,0.76,73.47,10.77,15.11,33.11666666666667
Odisha,Technology Hardware,50,15,23,23.83,0.75,23.55,61.09,14.47,33.03666666666666
Uttar Pradesh,Internet of Things,47,14,24,30.93,0.61,20.9,73.39,4.5,32.92999999999999
Gujarat,Marketing,150,55,49,-5.61,0.84,65.76,8.52,24.44,32.906666666666666
Karnataka,Waste Management,98,31,37,9.25,0.76,51.61,29.74,15.59,32.31333333333333
Gujarat,Art & Photography,37,10,14,18.32,0.92,10.61,48.55,37.62,32.25999999999999
Kerala,Professional & Commercial Services,153,57,57,0.0,0.74,66.16,15.76,14.15,32.02333333333333
Uttar Pradesh,Safety,35,13,13,0.0,1.18,8.04,15.76,72.19,31.996666666666666
Karnataka,Transportation & Storage,101,32,37,7.53,0.76,52.97,26.61,16.08,31.886666666666663
Haryana,Media & Entertainment,77,30,27,-5.13,0.96,43.17,8.84,43.25,31.75333333333333
Rajasthan,Chemicals,52,16,19,8.97,0.94,25.56,29.18,40.51,31.75
Gujarat,Indic Language Startups,44,20,11,-25.84,1.2,18.01,1.77,74.6,31.459999999999997
Bihar,Travel & Tourism,41,12,19,25.83,0.73,14.47,66.48,12.86,31.27
Uttar Pradesh,Social Network,44,16,17,3.08,1.05,18.01,20.02,55.63,31.22
Tamil Nadu,Fashion,131,44,47,3.35,0.71,62.38,20.9,10.13,31.136666666666663
Kerala,Automotive,73,23,28,10.34,0.81,41.32,31.03,20.9,31.083333333333332
Maharashtra,Art & Photography,60,18,22,10.55,0.87,32.15,31.35,29.74,31.08
Maharashtra,Indic Language Startups,62,20,19,-2.53,0.98,33.44,13.26,46.3,30.999999999999996
Kerala,Finance Technology,85,28,35,11.8,0.73,45.82,33.12,12.7,30.546666666666667
West Bengal,Enterprise Software,43,12,18,22.47,0.76,16.8,58.6,15.92,30.439999999999998
Madhya Pradesh,Education,158,66,57,-7.07,0.76,68.09,7.8,14.95,30.28
Delhi,Chemicals,90,33,38,7.31,0.76,48.63,26.05,15.76,30.14666666666667
Odisha,Human Resources,47,17,18,2.9,1.01,20.9,19.21,49.68,29.93
Punjab,Retail,30,8,10,11.8,1.05,0.88,33.12,55.79,29.929999999999996
Madhya Pradesh,Media & Entertainment,54,22,23,2.25,0.96,28.05,17.85,43.73,29.876666666666665
Tamil Nadu,Indic Language Startups,35,15,9,-22.54,1.26,8.04,2.57,78.78,29.796666666666663
Haryana,Internet of Things,34,10,14,18.32,0.89,6.43,48.55,33.44,29.47333333333333
Karnataka,Others,30,29,1,-81.43,1.37,0.88,0.48,86.17,29.176666666666666
Haryana,Social Impact,35,12,17,19.02,0.86,8.04,50.08,28.94,29.019999999999996
Delhi,Social Network,38,14,13,-3.64,1.11,11.82,11.25,63.18,28.75
Andhra Pradesh,Travel & Tourism,31,9,16,33.33,0.67,2.33,77.09,6.75,28.723333333333333
Kerala,Green Technology,66,22,24,4.45,0.85,36.82,22.75,26.53,28.7
Rajasthan,Advertising,30,8,12,22.47,0.85,0.88,58.6,25.72,28.4
Andhra Pradesh,Professional & Commercial Services,101,38,35,-4.03,0.81,52.97,10.45,21.54,28.32
Madhya Pradesh,House-Hold Services,32,10,13,14.02,0.96,3.38,37.46,42.93,27.923333333333332
Delhi,Analytics,34,11,15,16.77,0.88,6.43,44.05,32.8,27.759999999999998
Gujarat,Media & Entertainment,89,30,37,11.06,0.58,47.91,32.32,3.05,27.759999999999998
Karnataka,Art & Photography,35,10,13,14.02,0.92,8.04,37.46,37.78,27.759999999999998
Jharkhand,Technology Hardware,31,8,12,22.47,0.82,2.33,58.6,22.35,27.759999999999998
Telangana,Telecommunication & Networking,42,12,16,15.47,0.85,15.43,41.08,26.69,27.733333333333334
Madhya Pradesh,Aeronautics Aerospace & Defence,35,9,14,24.72,0.71,8.04,63.99,10.77,27.599999999999998
Chhattisgarh,Technology Hardware,45,14,13,-3.64,1.01,18.89,11.25,51.13,27.09
Odisha,Marketing,35,15,13,-6.91,1.12,8.04,8.04,64.95,27.009999999999998
Madhya Pradesh,Chemicals,42,12,16,15.47,0.84,15.43,41.08,24.28,26.93
Gujarat,Social Impact,43,13,20,24.03,0.56,16.8,61.74,1.93,26.823333333333334
Tamil Nadu,Non-Renewable Energy,52,25,9,-40.0,1.03,25.56,0.96,52.57,26.363333333333333
Delhi,Biotechnology,33,9,15,29.1,0.59,4.82,70.74,3.38,26.31333333333333
Uttar Pradesh,Sports,58,22,19,-7.07,0.93,31.11,7.8,38.75,25.886666666666663
Uttar Pradesh,Others,30,30,0,-100.0,1.22,0.88,0.24,76.37,25.830000000000002
Delhi,Toys and Games,43,20,9,-32.92,1.07,16.8,1.13,59.0,25.64333333333333
Tamil Nadu,Telecommunication & Networking,57,24,22,-4.26,0.9,30.14,9.97,36.01,25.373333333333335
Haryana,Chemicals,62,23,22,-2.2,0.86,33.44,13.5,29.1,25.346666666666664
Madhya Pradesh,Other Specialty Retailers,46,18,20,5.41,0.88,19.86,23.79,31.35,25.0
Chhattisgarh,Finance Technology,37,13,13,0.0,1.0,10.61,15.76,47.91,24.759999999999998
Karnataka,Logistics,72,30,27,-5.13,0.84,40.59,8.84,24.76,24.73
Tamil Nadu,Chemicals,87,35,23,-18.94,0.84,46.78,3.38,23.79,24.65
Bihar,Media & Entertainment,37,13,15,7.42,0.91,10.61,26.29,36.5,24.46666666666666
Delhi,Enterprise Software,95,31,31,0.0,0.67,50.72,15.76,6.59,24.356666666666666
Tamil Nadu,Human Resources,117,44,41,-3.47,0.57,58.76,11.58,2.57,24.30333333333333
Madhya Pradesh,Fashion,69,22,22,0.0,0.77,38.83,15.76,16.56,23.716666666666665
Andhra Pradesh,Automotive,51,18,15,-8.71,0.94,24.6,6.51,40.03,23.71333333333333
Rajasthan,Technology Hardware,105,40,35,-6.46,0.68,55.06,8.2,7.72,23.66
Rajasthan,Aeronautics Aerospace & Defence,32,9,14,24.72,0.59,3.38,63.99,3.54,23.636666666666663
West Bengal,Aeronautics Aerospace & Defence,30,9,14,24.72,0.66,0.88,63.99,5.95,23.606666666666666
Madhya Pradesh,Automotive,75,35,26,-13.81,0.83,42.12,4.98,23.31,23.47
Punjab,Technology Hardware,42,15,16,3.28,0.89,15.43,20.5,33.6,23.176666666666666
Tamil Nadu,Advertising,43,13,18,17.67,0.65,16.8,46.46,5.47,22.91
Kerala,Aeronautics Aerospace & Defence,43,15,16,3.28,0.88,16.8,20.5,31.03,22.776666666666667
Odisha,Green Technology,32,11,14,12.82,0.87,3.38,34.65,30.23,22.75333333333333
Bihar,Marketing,41,15,17,6.46,0.86,14.47,25.16,28.3,22.643333333333334
West Bengal,Logistics,31,12,12,0.0,1.0,2.33,15.76,49.36,22.483333333333334
Madhya Pradesh,Enterprise Software,52,19,18,-2.67,0.86,25.56,12.86,27.65,22.02333333333333
West Bengal,Human Resources,50,15,20,15.47,0.55,23.55,41.08,1.29,21.97333333333333
Andhra Pradesh,Marketing,32,9,12,15.47,0.81,3.38,41.08,20.58,21.68
Gujarat,Aeronautics Aerospace & Defence,92,38,32,-8.23,0.69,49.68,6.91,8.2,21.596666666666668
Uttarakhand,Renewable Energy,33,14,9,-19.82,1.05,4.82,2.89,56.11,21.273333333333333
West Bengal,Automotive,64,23,21,-4.45,0.76,35.45,9.49,16.24,20.39333333333333
Telangana,Non-Renewable Energy,39,18,6,-42.26,0.99,12.86,0.8,46.78,20.14666666666667
Madhya Pradesh,Transportation & Storage,41,14,16,6.9,0.8,14.47,25.8,19.77,20.013333333333332
Rajasthan,Automotive,70,25,23,-4.08,0.7,39.55,10.21,9.81,19.856666666666666
Uttar Pradesh,Non-Renewable Energy,60,33,16,-30.37,0.85,32.15,1.29,26.05,19.83
Tamil Nadu,Sports,33,9,12,15.47,0.74,4.82,41.08,13.5,19.799999999999997
Tamil Nadu,Real Estate,75,22,20,-4.65,0.67,42.12,9.32,7.07,19.50333333333333
Madhya Pradesh,Marketing,52,19,18,-2.67,0.79,25.56,12.86,18.49,18.97
Karnataka,Social Impact,44,15,19,12.55,0.61,18.01,34.0,4.34,18.78333333333333
Punjab,Professional & Commercial Services,55,20,18,-5.13,0.79,28.86,8.84,18.33,18.676666666666666
Gujarat,Telecommunication & Networking,58,20,19,-2.53,0.7,31.11,13.26,9.32,17.896666666666665
Kerala,Human Resources,58,20,21,2.47,0.59,31.11,18.41,3.7,17.740000000000002
Jharkhand,Healthcare & Lifesciences,71,28,20,-15.48,0.69,39.95,4.34,8.04,17.443333333333335
Tamil Nadu,Security Solutions,52,16,18,6.07,0.56,25.56,24.52,2.09,17.389999999999997
Odisha,Automotive,37,16,15,-3.18,0.86,10.61,12.06,29.26,17.31
Rajasthan,Security Solutions,43,17,12,-15.98,0.87,16.8,4.02,29.9,16.906666666666666
Maharashtra,Others,37,37,0,-100.0,0.92,10.61,0.24,38.1,16.316666666666666
Tamil Nadu,Social Impact,46,16,13,-9.86,0.78,19.86,5.79,17.85,14.5
Punjab,Human Resources,30,12,10,-8.71,0.9,0.88,6.51,35.53,14.306666666666667
Gujarat,Internet of Things,52,20,14,-16.33,0.72,25.56,3.86,11.74,13.719999999999999
Gujarat,Advertising,49,19,18,-2.67,0.56,22.19,12.86,2.25,12.433333333333334
Telangana,Security Solutions,49,19,16,-8.23,0.68,22.19,6.91,7.4,12.166666666666666
Gujarat,Sports,38,14,14,0.0,0.65,11.82,15.76,5.31,10.963333333333333
Bihar,Technology Hardware,52,22,15,-17.43,0.51,25.56,3.54,0.64,9.913333333333332
Gujarat,Robotics,33,11,11,0.0,0.67,4.82,15.76,6.91,9.163333333333332
Uttar Pradesh,Indic Language Startups,31,13,9,-16.79,0.8,2.33,3.7,20.1,8.71
Uttar Pradesh,Toys and Games,35,15,12,-10.56,0.71,8.04,5.63,10.93,8.2
Odisha,Fashion,33,11,6,-26.15,0.78,4.82,1.61,17.36,7.93
Maharashtra,AR VR (Augmented + Virtual Reality),40,20,13,-19.38,0.66,13.67,3.05,6.27,7.663333333333333
Uttar Pradesh,Analytics,33,15,8,-26.97,0.7,4.82,1.45,9.0,5.09
Delhi,Non-Renewable Energy,31,11,8,-14.72,0.54,2.33,4.66,1.13,2.7066666666666666
Karnataka,Non-Renewable Energy,31,12,7,-23.62,0.49,2.33,2.25,0.48,1.6866666666666665
