year,state,total,rank_in_year,share_pct
2017,Maharashtra,1107,1,20.23
2017,Karnataka,889,2,16.24
2017,Delhi,742,3,13.56
2017,Uttar Pradesh,414,4,7.56
2017,Telangana,328,5,5.99
2017,Gujarat,299,6,5.46
2017,Tamil Nadu,272,7,4.97
2017,Haryana,270,8,4.93
2017,West Bengal,181,9,3.31
2017,Kerala,172,10,3.14
2017,Rajasthan,140,11,2.56
2017,Odisha,115,12,2.1
2017,Madhya Pradesh,108,13,1.97
2017,Andhra Pradesh,103,14,1.88
2017,Chhattisgarh,57,15,1.04
2017,Bihar,47,16,0.86
2017,Uttarakhand,45,17,0.82
2017,Assam,35,18,0.64
2017,Jharkhand,35,18,0.64
2017,Punjab,31,20,0.57
2017,Chandigarh,22,21,0.4
2017,Goa,20,22,0.37
2017,Jammu and Kashmir,15,23,0.27
2017,Himachal Pradesh,9,24,0.16
2017,Dadra and Nagar Haveli and Daman and Diu,4,25,0.07
2017,Manipur,4,25,0.07
2017,Nagaland,4,25,0.07
2017,Puducherry,3,28,0.05
2017,Andaman and Nicobar Islands,1,29,0.02
2017,Sikkim,1,29,0.02
2017,Arunachal Pradesh,0,31,0.0
2017,Ladakh,0,31,0.0
2017,Lakshadweep,0,31,0.0
2017,Meghalaya,0,31,0.0
2017,Mizoram,0,31,0.0
2017,Tripura,0,31,0.0
2018,Maharashtra,1662,1,18.51
2018,Karnataka,1213,2,13.51
2018,Delhi,1189,3,13.24
2018,Uttar Pradesh,790,4,8.8
2018,Telangana,512,5,5.7
2018,Haryana,488,6,5.43
2018,Tamil Nadu,459,7,5.11
2018,Gujarat,449,8,5.0
2018,Kerala,333,9,3.71
2018,Madhya Pradesh,297,10,3.31
2018,West Bengal,276,11,3.07
2018,Rajasthan,246,12,2.74
2018,Odisha,168,13,1.87
2018,Andhra Pradesh,161,14,1.79
2018,Bihar,148,15,1.65
2018,Chhattisgarh,121,16,1.35
2018,Jharkhand,88,17,0.98
2018,Punjab,70,18,0.78
2018,Assam,68,19,0.76
2018,Uttarakhand,68,19,0.76
2018,Jammu and Kashmir,47,21,0.52
2018,Goa,44,22,0.49
2018,Chandigarh,27,23,0.3
2018,Himachal Pradesh,17,24,0.19
2018,Puducherry,16,25,0.18
2018,Manipur,7,26,0.08
2018,Tripura,4,27,0.04
2018,Andaman and Nicobar Islands,2,28,0.02
2018,Arunachal Pradesh,2,28,0.02
2018,Meghalaya,2,28,0.02
2018,Mizoram,2,28,0.02
2018,Nagaland,2,28,0.02
2018,Dadra and Nagar Haveli and Daman and Diu,1,33,0.01
2018,Ladakh,1,33,0.01
2018,Lakshadweep,0,35,0.0
2018,Sikkim,0,35,0.0
2019,Maharashtra,2229,1,18.75
2019,Karnataka,1746,2,14.69
2019,Delhi,1450,3,12.2
2019,Uttar Pradesh,905,4,7.61
2019,Haryana,730,5,6.14
2019,Kerala,669,6,5.63
2019,Gujarat,644,7,5.42
2019,Tamil Nadu,631,8,5.31
2019,Telangana,620,9,5.22
2019,Rajasthan,358,10,3.01
2019,Madhya Pradesh,335,11,2.82
2019,West Bengal,320,12,2.69
2019,Odisha,187,13,1.57
2019,Andhra Pradesh,179,14,1.51
2019,Chhattisgarh,166,15,1.4
2019,Bihar,158,16,1.33
2019,Punjab,99,17,0.83
2019,Uttarakhand,98,18,0.82
2019,Jharkhand,89,19,0.75
2019,Assam,71,20,0.6
2019,Goa,43,21,0.36
2019,Chandigarh,41,22,0.34
2019,Jammu and Kashmir,38,23,0.32
2019,Himachal Pradesh,31,24,0.26
2019,Puducherry,11,25,0.09
2019,Andaman and Nicobar Islands,8,26,0.07
2019,Tripura,7,27,0.06
2019,Manipur,6,28,0.05
2019,Meghalaya,6,28,0.05
2019,Dadra and Nagar Haveli and Daman and Diu,3,30,0.03
2019,Arunachal Pradesh,2,31,0.02
2019,Nagaland,2,31,0.02
2019,Sikkim,2,31,0.02
2019,Mizoram,1,34,0.01
2019,Ladakh,0,35,0.0
2019,Lakshadweep,0,35,0.0
2020,Maharashtra,2737,1,18.43
2020,Delhi,1816,2,12.23
2020,Karnataka,1776,3,11.96
2020,Uttar Pradesh,1401,4,9.43
2020,Gujarat,882,5,5.94
2020,Haryana,831,6,5.6
2020,Telangana,819,7,5.51
2020,Tamil Nadu,772,8,5.2
2020,Kerala,710,9,4.78
2020,Rajasthan,502,10,3.38
2020,Madhya Pradesh,427,11,2.88
2020,West Bengal,405,12,2.73
2020,Odisha,280,13,1.89
2020,Bihar,265,14,1.78
2020,Andhra Pradesh,235,15,1.58
2020,Jharkhand,165,16,1.11
2020,Chhattisgarh,155,17,1.04
2020,Punjab,146,18,0.98
2020,Assam,119,19,0.8
2020,Uttarakhand,114,20,0.77
2020,Goa,67,21,0.45
2020,Jammu and Kashmir,64,22,0.43
2020,Chandigarh,54,23,0.36
2020,Himachal Pradesh,41,24,0.28
2020,Tripura,23,25,0.15
2020,Puducherry,14,26,0.09
2020,Manipur,13,27,0.09
2020,Andaman and Nicobar Islands,5,28,0.03
2020,Dadra and Nagar Haveli and Daman and Diu,5,28,0.03
2020,Nagaland,5,28,0.03
2020,Ladakh,1,31,0.01
2020,Lakshadweep,1,31,0.01
2020,Mizoram,1,31,0.01
2020,Sikkim,1,31,0.01
2020,Arunachal Pradesh,0,35,0.0
2020,Meghalaya,0,35,0.0
2021,Maharashtra,3736,1,18.42
2021,Delhi,2215,2,10.92
2021,Karnataka,2157,3,10.64
2021,Uttar Pradesh,1981,4,9.77
2021,Gujarat,1729,5,8.52
2021,Tamil Nadu,1107,6,5.46
2021,Haryana,1070,7,5.28
2021,Telangana,993,8,4.9
2021,Kerala,923,9,4.55
2021,West Bengal,691,10,3.41
2021,Rajasthan,622,11,3.07
2021,Madhya Pradesh,562,12,2.77
2021,Odisha,397,13,1.96
2021,Bihar,390,14,1.92
2021,Andhra Pradesh,299,15,1.47
2021,Punjab,244,16,1.2
2021,Jharkhand,191,17,0.94
2021,Assam,190,18,0.94
2021,Chhattisgarh,168,19,0.83
2021,Uttarakhand,162,20,0.8
2021,Jammu and Kashmir,131,21,0.65
2021,Goa,81,22,0.4
2021,Chandigarh,69,23,0.34
2021,Himachal Pradesh,56,24,0.28
2021,Manipur,37,25,0.18
2021,Puducherry,17,26,0.08
2021,Andaman and Nicobar Islands,13,27,0.06
2021,Dadra and Nagar Haveli and Daman and Diu,12,28,0.06
2021,Tripura,12,28,0.06
2021,Meghalaya,9,30,0.04
2021,Nagaland,6,31,0.03
2021,Arunachal Pradesh,5,32,0.02
2021,Sikkim,4,33,0.02
2021,Mizoram,2,34,0.01
2021,Ladakh,1,35,0.0
2021,Lakshadweep,0,36,0.0
2022,Maharashtra,4811,1,18.09
2022,Delhi,2581,2,9.7
2022,Uttar Pradesh,2581,2,9.7
2022,Karnataka,2568,4,9.66
2022,Gujarat,2283,5,8.58
2022,Tamil Nadu,1812,6,6.81
2022,Telangana,1381,7,5.19
2022,Haryana,1335,8,5.02
2022,Kerala,1078,9,4.05
2022,West Bengal,1002,10,3.77
2022,Rajasthan,992,11,3.73
2022,Madhya Pradesh,898,12,3.38
2022,Bihar,526,13,1.98
2022,Odisha,451,14,1.7
2022,Andhra Pradesh,381,15,1.43
2022,Punjab,294,16,1.11
2022,Assam,285,17,1.07
2022,Jharkhand,239,18,0.9
2022,Chhattisgarh,237,19,0.89
2022,Uttarakhand,236,20,0.89
2022,Jammu and Kashmir,169,21,0.64
2022,Himachal Pradesh,120,22,0.45
2022,Goa,107,23,0.4
2022,Chandigarh,81,24,0.3
2022,Manipur,31,25,0.12
2022,Puducherry,29,26,0.11
2022,Tripura,27,27,0.1
2022,Dadra and Nagar Haveli and Daman and Diu,12,28,0.05
2022,Meghalaya,10,29,0.04
2022,Andaman and Nicobar Islands,9,30,0.03
2022,Arunachal Pradesh,9,30,0.03
2022,Nagaland,7,32,0.03
2022,Mizoram,6,33,0.02
2022,Ladakh,5,34,0.02
2022,Sikkim,2,35,0.01
2022,Lakshadweep,0,36,0.0
2023,Maharashtra,5816,1,16.69
2023,Uttar Pradesh,3435,2,9.86
2023,Gujarat,3295,3,9.46
2023,Delhi,3159,4,9.07
2023,Karnataka,3034,5,8.71
2023,Tamil Nadu,2816,6,8.08
2023,Telangana,1760,7,5.05
2023,Haryana,1743,8,5.0
2023,Rajasthan,1445,9,4.15
2023,Kerala,1296,10,3.72
2023,Madhya Pradesh,1267,11,3.64
2023,West Bengal,1175,12,3.37
2023,Bihar,812,13,2.33
2023,Odisha,620,14,1.78
2023,Andhra Pradesh,585,15,1.68
2023,Punjab,443,16,1.27
2023,Chhattisgarh,362,17,1.04
2023,Assam,361,18,1.04
2023,Jharkhand,337,19,0.97
2023,Uttarakhand,271,20,0.78
2023,Jammu and Kashmir,246,21,0.71
2023,Himachal Pradesh,144,22,0.41
2023,Chandigarh,126,23,0.36
2023,Goa,98,24,0.28
2023,Puducherry,43,25,0.12
2023,Manipur,26,26,0.07
2023,Tripura,23,27,0.07
2023,Nagaland,22,28,0.06
2023,Meghalaya,18,29,0.05
2023,Arunachal Pradesh,17,30,0.05
2023,Andaman and Nicobar Islands,13,31,0.04
2023,Mizoram,13,31,0.04
2023,Dadra and Nagar Haveli and Daman and Diu,11,33,0.03
2023,Ladakh,5,34,0.01
2023,Lakshadweep,2,35,0.01
2023,Sikkim,2,35,0.01
2024,Maharashtra,5736,1,16.73
2024,Uttar Pradesh,3486,2,10.17
2024,Gujarat,3445,3,10.05
2024,Karnataka,3174,4,9.26
2024,Delhi,2853,5,8.32
2024,Tamil Nadu,2656,6,7.74
2024,Telangana,1809,7,5.27
2024,Haryana,1730,8,5.04
2024,Rajasthan,1246,9,3.63
2024,Madhya Pradesh,1194,10,3.48
2024,Kerala,1155,11,3.37
2024,West Bengal,1107,12,3.23
2024,Bihar,841,13,2.45
2024,Andhra Pradesh,606,14,1.77
2024,Odisha,548,15,1.6
2024,Chhattisgarh,460,16,1.34
2024,Punjab,406,17,1.18
2024,Assam,347,18,1.01
2024,Jharkhand,331,19,0.97
2024,Jammu and Kashmir,273,20,0.8
2024,Uttarakhand,270,21,0.79
2024,Himachal Pradesh,145,22,0.42
2024,Goa,125,23,0.36
2024,Chandigarh,102,24,0.3
2024,Manipur,55,25,0.16
2024,Tripura,45,26,0.13
2024,Nagaland,35,27,0.1
2024,Puducherry,27,28,0.08
2024,Andaman and Nicobar Islands,20,29,0.06
2024,Meghalaya,17,30,0.05
2024,Dadra and Nagar Haveli and Daman and Diu,16,31,0.05
2024,Mizoram,16,31,0.05
2024,Arunachal Pradesh,13,33,0.04
2024,Ladakh,5,34,0.01
2024,Lakshadweep,0,35,0.0
2024,Sikkim,0,35,0.0
2025,Maharashtra,8067,1,16.32
2025,Uttar Pradesh,5141,2,10.4
2025,Gujarat,4637,3,9.38
2025,Karnataka,4541,4,9.19
2025,Delhi,3837,5,7.76
2025,Tamil Nadu,3201,6,6.48
2025,Telangana,3192,7,6.46
2025,Haryana,2519,8,5.1
2025,Rajasthan,1925,9,3.89
2025,Kerala,1729,10,3.5
2025,Madhya Pradesh,1724,11,3.49
2025,West Bengal,1603,12,3.24
2025,Bihar,1376,13,2.78
2025,Andhra Pradesh,1333,14,2.7
2025,Odisha,819,15,1.66
2025,Punjab,566,16,1.15
2025,Assam,528,17,1.07
2025,Chhattisgarh,508,18,1.03
2025,Jharkhand,467,19,0.94
2025,Uttarakhand,440,20,0.89
2025,Jammu and Kashmir,412,21,0.83
2025,Himachal Pradesh,199,22,0.4
2025,Goa,186,23,0.38
2025,Chandigarh,128,24,0.26
2025,Manipur,72,25,0.15
2025,Puducherry,59,26,0.12
2025,Tripura,50,27,0.1
2025,Arunachal Pradesh,37,28,0.07
2025,Nagaland,30,29,0.06
2025,Meghalaya,27,30,0.05
2025,Dadra and Nagar Haveli and Daman and Diu,25,31,0.05
2025,Mizoram,21,32,0.04
2025,Andaman and Nicobar Islands,18,33,0.04
2025,Ladakh,7,34,0.01
2025,Sikkim,6,35,0.01
2025,Lakshadweep,0,36,0.0
